keyCompany,stockCodeCompany,nameCompany,sectorCodeCompany,sectorCompany,segmentCompany
1,PETR4,Petrobras PN,ENE,Energia,Petroleo
2,VALE3,Vale,MIN,Mineracao,Ferro
3,ITUB4,Itau,FIN,Financeiro,Banco
4,BBDC4,Bradesco,FIN,Financeiro,Banco
5,BBAS3,Banco do Brasil,FIN,Financeiro,Banco
6,B3SA3,B3,FIN,Financeiro,Bolsa
7,BOVA11,iShares Ibovespa,ETF,ETF,Indice
8,BPAC11,BTG Pactual,FIN,Financeiro,Banco de Investimento
9,SBSP3,Sabesp,SAN,Saneamento,Saneamento
10,PETR3,Petrobras ON,ENE,Energia,Petroleo
11,PRIO3,PRIO,ENE,Energia,Petroleo
12,ABEV3,Ambev,BEB,Bebidas,Bebidas
13,WEGE3,WEG,IND,Industria,Bens de Capital
14,RENT3,Localiza,TRA,Transporte,Locacao
15,EQTL3,Equatorial,ENE,Energia,Energia
16,VBBR3,Vibra,ENE,Energia,Combustiveis
17,UGPA3,Ultrapar,ENE,Energia,Distribuicao
18,SUZB3,Suzano,PAP,Papel e Celulose,Celulose
19,ENEV3,Eneva,ENE,Energia,Energia
20,RDOR3,Rede DOr,SAU,Saude,Hospitais
21,BBSE3,BB Seguridade,FIN,Financeiro,Seguros
22,CSMG3,Copasa,SAN,Saneamento,Saneamento
23,GGBR4,Gerdau PN,IND,Industria,Siderurgia
24,LREN3,Lojas Renner,COM,Comercio,Varejo
25,RADL3,Raia Drogasil,SAU,Saude,Farmacias
26,CYRE3,Cyrela,CON,Construcao,Incorporacao
27,MOTV3,Motiva,INF,Infraestrutura,Concessoes
28,ENGI11,Energisa Unit,ENE,Energia,Energia
29,RAIL3,Rumo,LOG,Logistica,Ferrovias
30,VIVT3,Vivo,TEL,Telecom,Telecom
31,CMIG4,Cemig PN,ENE,Energia,Energia
32,TIMS3,TIM,TEL,Telecom,Telecom
33,SMFT3,Smart Fit,CON,Consumo,Academias
34,TOTS3,Totvs,TEC,Tecnologia,Software
35,SANB11,Santander Unit,FIN,Financeiro,Banco
36,MGLU3,Magazine Luiza,COM,Comercio,Varejo
37,MULT3,Multiplan,IMO,Imobiliario,Shopping
38,ALOS3,Allos,IMO,Imobiliario,Shopping
39,CXSE3,Caixa Seguridade,FIN,Financeiro,Seguros
40,CSAN3,Cosan,ENE,Energia,Combustiveis
41,EGIE3,Engie Brasil,ENE,Energia,Energia
42,CURY3,Cury,CON,Construcao,Incorporacao
43,ASAI3,Assai,COM,Comercio,Atacarejo
44,TEND3,Tenda,CON,Construcao,Construcao
45,DIRR3,Direcional,CON,Construcao,Construcao
46,CSNA3,CSN,IND,Industria,Siderurgia
47,KLBN11,Klabin Unit,PAP,Papel e Celulose,Papel
48,GOAU4,Metalurgica Gerdau PN,IND,Industria,Siderurgia
49,CEAB3,Cea,COM,Comercio,Varejo
50,TAEE11,Taesa Unit,ENE,Energia,Transmissao
51,FLRY3,Fleury,SAU,Saude,Diagnosticos
52,USIM5,Usiminas,IND,Industria,Siderurgia
53,CPFE3,CPFL Energia,ENE,Energia,Energia
54,COGN3,Cogna,EDU,Educacao,Educacao
55,HYPE3,Hypera,SAU,Saude,Farmaceutico
56,HAPV3,Hapvida,SAU,Saude,Planos
57,VIVA3,Vivara,COM,Comercio,Joias
58,BEEF3,Minerva,ALI,Alimentos,Proteinas
59,POMO4,Marcopolo,IND,Industria,Autopecas
60,IGTI11,Iguatemi Unit,IMO,Imobiliario,Shopping
61,MOVI3,Movida,TRA,Transporte,Locacao
62,VAMO3,Vamos,LOG,Logistica,Locacao
63,MRVE3,MRV,CON,Construcao,Construcao
64,ECOR3,Ecorodovias,INF,Infraestrutura,Concessoes
65,ORVR3,Orizon,SAN,Saneamento,Residuos
66,YDUQ3,Yduqs,EDU,Educacao,Educacao
67,CMIN3,CSN Mineracao,MIN,Mineracao,Minerio
68,BRAP4,Bradespar,MIN,Mineracao,Holding
69,SLCE3,SLC Agricola,AGR,Agro,Agricultura
70,IRBR3,IRB Brasil,FIN,Financeiro,Seguros
71,AURE3,Auren,ENE,Energia,Energia
72,EZTC3,EZTEC,CON,Construcao,Incorporacao
73,SMTO3,Sao Martinho,AGR,Agro,Acucar e etanol
74,BRKM5,Braskem,IND,Industria,Quimicos
75,CBAV3,CBA,IND,Industria,Aluminio
76,SIMH3,Simpar,LOG,Logistica,Servicos
77,ANIM3,Anima,EDU,Educacao,Educacao
78,ALPA4,Alpargatas,COM,Comercio,Calcados
79,VULC3,Vulcabras,CON,Consumo,Calcados
80,GMAT3,Grupo Mateus,COM,Comercio,Varejo
81,TTEN3,3tentos,AGR,Agro,Insumos
82,CVCB3,CVC,TUR,Turismo,Turismo
83,RECV3,PetroReconcavo,ENE,Energia,Petroleo
84,INTB3,Intelbras,TEC,Tecnologia,Hardware
85,ONCO3,Oncoclínicas,SAU,Saude,Hospitais
86,PCAR3,Pao de Acucar,COM,Comercio,Varejo
87,BMOB3,Bemobi,TEC,Tecnologia,Software
88,RAPT4,Randoncorp,IND,Industria,Autopecas
89,LWSA3,Locaweb,TEC,Tecnologia,Software
90,MDIA3,M Dias Branco,ALI,Alimentos,Alimentos
91,LOGG3,Log CP,IMO,Imobiliario,Galpoes
92,DXCO3,Dexco,IND,Industria,Materiais
93,GRND3,Grendene,CON,Consumo,Calcados
94,BHIA3,Casas Bahia,COM,Comercio,Varejo
95,CASH3,Meliuz,TEC,Tecnologia,Servicos digitais
96,LEVE3,Mahle Metal Leve,IND,Industria,Autopecas
97,KEPL3,Kepler Weber,AGR,Agro,Equipamentos
98,AMER3,Americanas,COM,Comercio,Varejo
99,FESA4,Ferbasa,IND,Industria,Siderurgia
100,BMGB4,Banco BMG,FIN,Financeiro,Banco
